# x_m,y_m,w_tr_right_m,w_tr_left_m
0.0,0.0,5.0,5.0
3.999665182433091,0.049837357364594936,5.0,5.0
7.999278839328326,0.10529770143330097,5.0,5.0
11.998832776211202,0.16491488739848137,5.0,5.0
15.998434524284676,0.2211507624015212,5.0,5.0
19.998084278660826,0.2739880597218871,5.0,5.0
23.997733432683162,0.3268961450085044,5.0,5.0
27.9974475504132,0.37293092254549265,5.0,5.0
31.997411170508713,0.3897575903683901,5.0,5.0
35.997247087652795,0.42122917994856834,5.0,5.0
39.99692078749649,0.47222035098820925,5.0,5.0
43.99659480887931,0.5232355464249849,5.0,5.0
47.99594559741672,0.5943406727164984,5.0,5.0
51.99519582930952,0.6717441994696856,5.0,5.0
55.99444617051631,0.7491492303088307,5.0,5.0
59.99365768220741,0.8285268917679787,5.0,5.0
63.99284688686021,0.9090349720790982,5.0,5.0
67.99203439918347,0.9896257631480694,5.0,5.0
71.99115085043013,1.0736670205369592,5.0,5.0
75.99026566150133,1.1577632734552026,5.0,5.0
79.98938011063728,1.2418527966365218,5.0,5.0
83.98854641639628,1.3234591567888856,5.0,5.0
87.987740720273,1.403712454251945,5.0,5.0
91.98688246717211,1.4865444423630834,5.0,5.0
95.9860237587709,1.5693984990939498,5.0,5.0
99.9851650489727,1.652252595871687,5.0,5.0
103.98430633882526,1.7351067373529077,5.0,5.0
107.98344762728084,1.8179609263315797,5.0,5.0
111.98258894914761,1.9008135329931974,5.0,5.0
115.98173027148005,1.9836660837754607,5.0,5.0
119.98087159427814,2.0665185898542404,5.0,5.0
123.98001291870605,2.1493710512295365,5.0,5.0
127.97915424371604,2.2322234688326716,5.0,5.0
131.9782955691917,2.3150758454576135,5.0,5.0
135.9775417902274,2.3926217909902334,5.0,5.0
139.9768222058192,2.4684588368982077,5.0,5.0
143.9761016719276,2.5443401085212827,5.0,5.0
147.9753394575091,2.6223476277664304,5.0,5.0
151.97453619213775,2.702479626983404,5.0,5.0
155.97373295470607,2.7826104890555143,5.0,5.0
159.9729297462618,2.8627402195706964,5.0,5.0
163.9721580632031,2.941279106773436,5.0,5.0
167.9713490117574,3.0216734148561954,5.0,5.0
171.9704954228364,3.1042797546833754,5.0,5.0
175.96964182297233,3.1868865424767137,5.0,5.0
179.9687882134458,3.269493730738759,5.0,5.0
183.96793459542096,3.352101326920092,5.0,5.0
187.9670809668023,3.434709331020713,5.0,5.0
191.96613796218298,3.5214127730578184,5.0,5.0
195.96507967740763,3.613396404311061,5.0,5.0
199.96365474630147,3.718934972770512,5.0,5.0
203.96169918053783,3.8439807631075382,5.0,5.0
207.95963444572408,3.9723230777308345,5.0,5.0
211.95714674831834,4.113159781321883,5.0,5.0
215.95092120126355,4.335815531201661,5.0,5.0
219.9430829633493,4.585577325895429,5.0,5.0
223.9313696968602,4.889271089807153,5.0,5.0
227.91201678139623,5.279860056005418,5.0,5.0
231.88173853314947,5.769662622362375,5.0,5.0
235.84180763422046,6.333386671729386,5.0,5.0
239.79457091877703,6.946270137093961,5.0,5.0
243.74514764442574,7.5729670925065875,5.0,5.0
247.68492040678393,8.264344136230648,5.0,5.0
251.61281199508812,9.020148115232587,5.0,5.0
255.51753993576858,9.887267689220607,5.0,5.0
259.4128068257123,10.796593713574111,5.0,5.0
263.28759032068774,11.789387510158122,5.0,5.0
267.1495758733945,12.830160222016275,5.0,5.0
270.9811060205102,13.978381298482418,5.0,5.0
274.7941938935546,15.186577133834362,5.0,5.0
278.5902778074378,16.447317444719374,5.0,5.0
282.37523654766846,17.741140292957425,5.0,5.0
286.1406553889392,19.090578524395823,5.0,5.0
289.8833617767086,20.50173123832792,5.0,5.0
293.60041909629945,21.979204257018864,5.0,5.0
297.27347932965495,23.56252271682024,5.0,5.0
300.92053854779806,25.205188954249024,5.0,5.0
304.5425641745096,26.902432373724878,5.0,5.0
308.14271118328907,28.645583104342222,5.0,5.0
311.724763652659,30.425623646005988,5.0,5.0
315.2800200752681,32.25865000113845,5.0,5.0
318.8016118896194,34.15535899903625,5.0,5.0
322.2987423604354,36.09699100907892,5.0,5.0
325.7674817739753,38.08889875840396,5.0,5.0
329.2136485078372,40.11953964922577,5.0,5.0
332.63351998105645,42.194151632487774,5.0,5.0
336.01992284250446,44.32296991813928,5.0,5.0
339.3677563890815,46.511963702738285,5.0,5.0
342.6816691868007,48.751915166154504,5.0,5.0
345.9660851546796,51.03496757149696,5.0,5.0
349.21151093929075,53.37308189552277,5.0,5.0
352.42312030959874,55.75745408143848,5.0,5.0
355.6060332090128,58.17997735179961,5.0,5.0
358.7566076947842,60.644417696632445,5.0,5.0
361.8581798740197,63.17026741337031,5.0,5.0
364.91262708057184,65.75291706621647,5.0,5.0
367.9182772770291,68.39210911467671,5.0,5.0
370.8874848173,71.07226773258299,5.0,5.0
373.81397963059135,73.79906345997006,5.0,5.0
376.6997382135596,76.56887915823609,5.0,5.0
379.55397362739313,79.37119974382222,5.0,5.0
382.3612936788704,82.22050333674997,5.0,5.0
385.12916986236814,85.10813113022596,5.0,5.0
387.8576215938665,88.03310422971845,5.0,5.0
390.5304797090357,91.00889876298606,5.0,5.0
393.1720299840672,94.01251984760165,5.0,5.0
395.78927716601174,97.03738878760487,5.0,5.0
398.35278907383326,100.10781870223582,5.0,5.0
400.86218544445,103.22268333379179,5.0,5.0
403.32022963266354,106.37826706282794,5.0,5.0
405.74145228334237,109.56217874214053,5.0,5.0
408.1002159327036,112.79248028155416,5.0,5.0
410.37802634888794,116.08046483434737,5.0,5.0
412.6201865754556,119.39293319359422,5.0,5.0
414.8436109115137,122.71803870331496,5.0,5.0
417.00688607408665,126.08245476987213,5.0,5.0
419.0985575137893,129.49177358672023,5.0,5.0
421.1426811484853,132.93002219498158,5.0,5.0
423.12363240343984,136.40499962959439,5.0,5.0
425.06959692039527,139.89962094463408,5.0,5.0
426.93878865847364,143.4359908811748,5.0,5.0
428.7636460181093,146.99539312906563,5.0,5.0
430.5429078929592,150.5778099866584,5.0,5.0
432.2698562433943,154.18576331436634,5.0,5.0
433.9548618706176,157.81348980311304,5.0,5.0
435.5465712904697,161.4829399874434,5.0,5.0
437.08264677692205,165.176225990057,5.0,5.0
438.5725377595518,168.8883747458458,5.0,5.0
440.05233290733304,172.6045811055228,5.0,5.0
441.4642833432881,176.34676356893033,5.0,5.0
442.7928421846591,180.11958725284785,5.0,5.0
444.04660715337377,183.91797453537583,5.0,5.0
445.26506904081907,187.7278370829299,5.0,5.0
446.42590630368795,191.55561929848045,5.0,5.0
447.4947320477804,195.410053672269,5.0,5.0
448.51421323022805,199.27791071590036,5.0,5.0
449.4822879275307,203.15892479289323,5.0,5.0
450.386384854326,207.05536658782512,5.0,5.0
451.208705080091,210.96978809125721,5.0,5.0
451.9292324957205,214.90426573250443,5.0,5.0
452.5474139613798,218.85619037877768,5.0,5.0
453.1175872561289,222.8153073657304,5.0,5.0
453.6126501931576,226.7845526272431,5.0,5.0
454.0505787715083,230.76037351880223,5.0,5.0
454.43915929459035,234.74141758028418,5.0,5.0
454.7694842640776,238.72769573424011,5.0,5.0
455.06076927203685,242.7170724477619,5.0,5.0
455.2801727342885,246.71087122987956,5.0,5.0
455.4480007168604,250.70734835788608,5.0,5.0
455.5711960985791,254.70538578368723,5.0,5.0
455.6438286367338,258.7045664899051,5.0,5.0
455.6825899454998,262.70437395200133,5.0,5.0
455.68026485538576,266.7041669469327,5.0,5.0
455.63067279348616,270.70385552663356,5.0,5.0
455.55999404459726,274.7032303614542,5.0,5.0
455.4893318010727,278.70260554365814,5.0,5.0
455.41866831097286,282.70198074448854,5.0,5.0
455.3480035820976,286.7013559527695,5.0,5.0
455.29653317690827,290.7010192871094,5.0,5.0
455.247589742532,294.70071927830577,5.0,5.0
455.20436925184913,298.70048417523503,5.0,5.0
455.1627441634191,302.700266986154,5.0,5.0
455.114434762625,306.69996787328273,5.0,5.0
455.0579324592836,310.6995682679117,5.0,5.0
455.00143015629146,314.69916866347194,5.0,5.0
454.94492781348526,318.69876905344427,5.0,5.0
454.888425461133,322.6983694508672,5.0,5.0
454.82816954073496,326.69791182968765,5.0,5.0
454.76211371680256,330.6973654292524,5.0,5.0
454.6960557489656,334.69681932777166,5.0,5.0
454.629995778203,338.69627325981855,5.0,5.0
454.5639339373447,342.69572695344687,5.0,5.0
454.49024515552446,346.69503786135465,5.0,5.0
454.4077151293168,350.6941854497418,5.0,5.0
454.32518031448126,354.6933333054185,5.0,5.0
454.24264073721133,358.69248092360795,5.0,5.0
454.15587586944457,362.69153804704547,5.0,5.0
454.0685859522782,366.69058424793184,5.0,5.0
453.98130011209287,370.6896311054006,5.0,5.0
453.8954463293776,374.6887085605413,5.0,5.0
453.81290513509884,378.6878563147038,5.0,5.0
453.7303629183443,382.6870040493086,5.0,5.0
453.6478196802782,386.68615175783634,5.0,5.0
453.5652754199691,390.685299443081,5.0,5.0
453.4827325986698,394.68444715999067,5.0,5.0
453.40019495028537,398.6835949793458,5.0,5.0
453.3176583292661,402.6827428145334,5.0,5.0
453.23512273677625,406.68189067114145,5.0,5.0
453.15258817060385,410.68103854358196,5.0,5.0
453.0700546297012,414.68018643464893,5.0,5.0
452.98752103571314,418.67933432012796,5.0,5.0
452.9049751369748,422.67848194390535,5.0,5.0
452.8224272202933,426.6776295294985,5.0,5.0
452.7398800412193,430.6767771318555,5.0,5.0
452.657333894982,434.67592475935817,5.0,5.0
452.5747887783218,438.6750724138692,5.0,5.0
452.4922446922865,442.6742200953886,5.0,5.0
452.40913887892384,446.6733560245484,5.0,5.0
452.32453007192817,450.6724605401978,5.0,5.0
452.23991836595815,454.6715650111437,5.0,5.0
452.15530375763774,458.67066942807287,5.0,5.0
452.0706862502266,462.669773790054,5.0,5.0
451.9860658340622,466.6688780905679,5.0,5.0
451.9014425134519,470.66798232495785,5.0,5.0
451.81681628199294,474.66708649136126,5.0,5.0
451.73219834803604,478.6661908188835,5.0,5.0
451.6475833825534,482.6652951911092,5.0,5.0
451.562971356092,486.66439960245043,5.0,5.0
451.4783622729592,490.6635040519759,5.0,5.0
451.39375488623045,494.66260851174593,5.0,5.0
451.31227357231546,498.66177739948034,5.0,5.0
451.2321581307333,502.66097441408783,5.0,5.0
451.15203429060057,506.66017127782106,5.0,5.0
451.07190409931354,510.6593680335209,5.0,5.0
450.9917765862774,514.6585648562759,5.0,5.0
450.9116517479997,518.6577617432922,5.0,5.0
450.83152957912534,522.6569586927071,5.0,5.0
450.75141007546335,526.6561556952074,5.0,5.0
450.67129323247354,530.6553527535871,5.0,5.0
450.5911790438695,534.6545498631895,5.0,5.0
450.51106036256533,538.653746875003,5.0,5.0
450.4309386588866,542.6529438151047,5.0,5.0
450.35081433155574,546.6521406900138,5.0,5.0
450.2706873915158,550.6513374950737,5.0,5.0
450.1843799276976,554.6504049543291,5.0,5.0
450.0977979664458,558.6494669076055,5.0,5.0
450.0112211604137,562.64852920454,5.0,5.0
449.92464951064903,566.6475917268544,5.0,5.0
449.8380830170354,570.6466543478891,5.0,5.0
449.7515957088908,574.6457185521722,5.0,5.0
449.66723542602267,578.6448283391073,5.0,5.0
449.58287540788297,582.6439381344244,5.0,5.0
449.4985116170719,586.6430478487164,5.0,5.0
449.41414733289275,590.6421575518325,5.0,5.0
449.3297825597692,594.6412672437727,5.0,5.0
449.24541729455814,598.6403769208118,5.0,5.0
449.1610515358625,602.6394865885377,5.0,5.0
449.0766919592861,606.63859638758,5.0,5.0
448.9923366543371,610.6377062732354,5.0,5.0
448.9079812023556,614.6368161588907,5.0,5.0
448.82362526247744,618.6359260333702,5.0,5.0
448.7387880801689,622.6350257275626,5.0,5.0
448.653866208042,626.6341236354783,5.0,5.0
448.5689403023571,630.6332214558497,5.0,5.0
448.48401311005,634.6323192482814,5.0,5.0
448.3990861448692,638.6314170472324,5.0,5.0
448.31415940250736,642.6305148499086,5.0,5.0
448.22923288529273,646.6296126591042,5.0,5.0
448.1443065929925,650.6287104729563,5.0,5.0
448.05938298162073,654.6278083445504,5.0,5.0
447.9757782118395,658.626933994703,5.0,5.0
447.89227192185353,662.626061716117,5.0,5.0
447.8087655885611,666.6251894356683,5.0,5.0
447.72525921312626,670.6243171524256,5.0,5.0
447.64175279438496,674.6234448682517,5.0,5.0
447.5582450242946,678.6225725570694,5.0,5.0
447.4747370572295,682.6217002440244,5.0,5.0
447.391229134053,686.6208279281855,5.0,5.0
447.30772125476506,690.6199556160718,5.0,5.0
447.2242134170374,694.6190833030269,5.0,5.0
447.1407057190081,698.6182109946385,5.0,5.0
447.05719924985897,702.6173387113959,5.0,5.0
446.97369273833465,706.6164664281532,5.0,5.0
446.89018618362024,710.615594140254,5.0,5.0
446.8066795866471,714.6147218551487,5.0,5.0
446.7231729453197,718.6138495653868,5.0,5.0
446.63966595137026,722.6129772709683,5.0,5.0
446.5561582061928,726.6121049625799,5.0,5.0
446.47265050478745,730.6112326523289,5.0,5.0
446.3891428450588,734.6103603448719,5.0,5.0
446.30563522921875,738.6094880374148,5.0,5.0
446.22212765493896,742.6086157290265,5.0,5.0
446.13862054492347,746.607743431814,5.0,5.0
446.05511381314136,750.6068711439148,5.0,5.0
445.97160703793634,754.6059988541529,5.0,5.0
445.88810021954123,758.6051265634596,5.0,5.0
445.8045933578396,762.6042542699724,5.0,5.0
445.721086454927,766.6033819774166,5.0,5.0
445.6375790949678,770.6025096755475,5.0,5.0
445.5540716132382,774.6016373736784,5.0,5.0
445.47056417306885,778.6007650699466,5.0,5.0
445.3870567769045,782.5998927652836,5.0,5.0
445.30354942334816,786.5990204652771,5.0,5.0
445.2200421114685,790.598148163408,5.0,5.0
445.1365351428976,794.5972758680582,5.0,5.0
445.05302814848255,798.5964035727084,5.0,5.0
444.96952110971324,802.5955312773585,5.0,5.0
444.88601403089706,806.59465898294,5.0,5.0
444.8025069087744,810.5937866838649,5.0,5.0
444.7189997258829,814.5929143857211,5.0,5.0
444.63549246266484,818.5920420857146,5.0,5.0
444.5519852422876,822.5911697875708,5.0,5.0
444.4684780645184,826.590297489427,5.0,5.0
444.3849709284259,830.5894251912832,5.0,5.0
444.3014638351742,834.5885528950021,5.0,5.0
444.21795672678854,838.5876805977896,5.0,5.0
444.13444951421116,842.5868082996458,5.0,5.0
444.0509422594914,846.5859360005707,5.0,5.0
443.9674349613488,850.5850636968389,5.0,5.0
443.8839276210638,854.5841913977638,5.0,5.0
443.8004202396842,858.583319094032,5.0,5.0
443.7169130566763,862.5824467940256,5.0,5.0
443.6334060548106,866.5815745005384,5.0,5.0
443.54989909462165,870.5807022042572,5.0,5.0
443.4663921749452,874.579829913564,5.0,5.0
443.38288529904094,878.5789576219395,5.0,5.0
443.29937846481334,882.5780853293836,5.0,5.0
443.215871135355,886.5772130284458,5.0,5.0
443.1323636624729,890.5763407247141,5.0,5.0
443.04796637326945,894.5754494890571,5.0,5.0
442.96107604634017,898.5745051130652,5.0,5.0
442.8741856501438,902.5735607361421,5.0,5.0
442.78729499317706,906.5726163554937,5.0,5.0
442.7004036429571,910.5716719580814,5.0,5.0
442.6135123607237,914.5707275643945,5.0,5.0
442.5266211498529,918.5697831697762,5.0,5.0
442.43973000498954,922.5688387770206,5.0,5.0
442.352838931256,926.5678943861276,5.0,5.0
442.265948366723,930.5669500092044,5.0,5.0
442.17905779078137,934.5660056248307,5.0,5.0
442.0921671477845,938.5650612451136,5.0,5.0
442.0052764324937,942.5641168626025,5.0,5.0
441.91838564898353,946.5631724772975,5.0,5.0
441.83149470598437,950.5622280882671,5.0,5.0
441.74460374284536,954.5612837001681,5.0,5.0
441.6577128476929,958.5603393139318,5.0,5.0
441.57082202273887,962.5593949276954,5.0,5.0
441.4839312680997,966.5584505433217,5.0,5.0
441.397040529293,970.5575061598793,5.0,5.0
441.31014963414054,974.5565617717803,5.0,5.0
441.2232586686732,978.5556173855439,5.0,5.0
441.1340164808789,982.5546205779538,5.0,5.0
441.0423999002669,986.5535707194358,5.0,5.0
440.9507827227935,990.5525208450854,5.0,5.0
440.85916720936075,994.5514710098505,5.0,5.0
440.7675525575178,998.5504211932421,5.0,5.0
440.6759384991601,1002.5493713887408,5.0,5.0
440.58432503335644,1006.5483215991408,5.0,5.0
440.49271215777844,1010.5472718197852,5.0,5.0
440.4010998692829,1014.5462220553309,5.0,5.0
440.3094820571132,1018.545172162354,5.0,5.0
440.2178636492463,1022.5441222535446,5.0,5.0
440.12624465231784,1026.5430723316967,5.0,5.0
440.03462506178766,1030.542022393085,5.0,5.0
439.9430048810318,1034.5409724432975,5.0,5.0
439.8513855531346,1038.5399225074798,5.0,5.0
439.7597738900222,1042.538872747682,5.0,5.0
439.66816281271167,1046.5378230009228,5.0,5.0
439.57655232038815,1050.5367732634768,5.0,5.0
439.4849424128188,1054.5357235372066,5.0,5.0
439.3933317702031,1058.5346737969667,5.0,5.0
439.3017175566638,1062.533623973839,5.0,5.0
439.210096379742,1066.5325739951804,5.0,5.0
439.106609000708,1070.5312280226499,5.0,5.0
438.99871042743325,1074.5297719696537,5.0,5.0
438.89081190386787,1078.5283159194514,5.0,5.0
438.78291343315504,1082.5268598701805,5.0,5.0
438.6657035234384,1086.5251366728917,5.0,5.0
438.5441058659926,1090.5232874723151,5.0,5.0
438.4225081385812,1094.521438269876,5.0,5.0
438.30091050465126,1098.5195890702307,5.0,5.0
438.2022430683719,1102.518330768682,5.0,5.0
438.1174589311704,1106.5174314845353,5.0,5.0
438.0326853574952,1110.5165325226262,5.0,5.0
437.9496647141641,1114.5156699148938,5.0,5.0
437.8684264795156,1118.5148443505168,5.0,5.0
437.7871881959727,1122.5140187861398,5.0,5.0
437.7059498624876,1126.5131932199001,5.0,5.0
437.6247114832513,1130.5123676517978,5.0,5.0
437.5434735387098,1134.5115420930088,5.0,5.0
437.46223661024123,1138.5107165547088,5.0,5.0
437.37774109106977,1142.509823472239,5.0,5.0
437.29315188503824,1146.508928428404,5.0,5.0
437.2085633915849,1150.5080333994702,5.0,5.0
437.1239756150171,1154.5071383863688,5.0,5.0
437.0393885553349,1158.5062433900312,5.0,5.0
436.9539119565161,1162.5053292484954,5.0,5.0
436.86614596133586,1166.5043657515198,5.0,5.0
436.7783778527519,1170.5034022042528,5.0,5.0
436.69060762098525,1174.5024386150762,5.0,5.0
436.6028352571884,1178.501474974677,5.0,5.0
436.51506075053476,1182.500511280261,5.0,5.0
436.42728409019765,1186.4995475327596,5.0,5.0
436.3395124693634,1190.4985838839784,5.0,5.0
436.24766668258235,1194.4975285604596,5.0,5.0
436.1553962684702,1198.4964636620134,5.0,5.0
436.06723886041436,1202.495490715839,5.0,5.0
435.9808322528843,1206.4945568135008,5.0,5.0
435.89442567154765,1210.4936229130253,5.0,5.0
435.8080191141926,1214.4926890106872,5.0,5.0
435.72125078353565,1218.4917469760403,5.0,5.0
435.6276287562214,1222.490650667809,5.0,5.0
435.53399169282056,1226.4895540075377,5.0,5.0
435.44035463256296,1230.488457346335,5.0,5.0
435.3467175734695,1234.487360686995,5.0,5.0
435.2195996209048,1238.4853215441108,5.0,5.0
435.0862125852145,1242.4830963928252,5.0,5.0
434.95282555173617,1246.480871236883,5.0,5.0
434.819471001043,1250.4786471631378,5.0,5.0
434.6936081646709,1254.4766652043909,5.0,5.0
434.56853782664984,1258.4747088309377,5.0,5.0
434.4434859894682,1262.4727529603988,5.0,5.0
434.32318439125083,1266.4709363998845,5.0,5.0
434.21379479626194,1270.469439004548,5.0,5.0
434.10076604411006,1274.4678394859657,5.0,5.0
433.97004721558187,1278.4656734159216,5.0,5.0
433.8119247176219,1282.4625173704699,5.0,5.0
433.6244354977971,1286.4580651447177,5.0,5.0
433.3761068411404,1290.4503219462931,5.0,5.0
433.0991599782137,1294.4406840438023,5.0,5.0
432.7550347230863,1298.4257969800383,5.0,5.0
432.37859681621194,1302.4080438716337,5.0,5.0
431.9416956863133,1306.3839814793319,5.0,5.0
431.46611128235236,1310.355551305227,5.0,5.0
430.94598599663004,1314.3215208658949,5.0,5.0
430.32307146687526,1318.2726897783577,5.0,5.0
429.67297427461017,1322.219446880743,5.0,5.0
428.9699977822602,1326.156995717436,5.0,5.0
428.1985557579901,1330.0818227352574,5.0,5.0
427.36067207856104,1333.992953920737,5.0,5.0
426.4658892034786,1337.891507464461,5.0,5.0
425.4953164898325,1341.771791279316,5.0,5.0
424.45926946483087,1345.635208941996,5.0,5.0
423.34094501589425,1349.4755868175998,5.0,5.0
422.1635309003759,1353.298339852132,5.0,5.0
420.916722732014,1357.099051068537,5.0,5.0
419.6097534085857,1360.8794902907684,5.0,5.0
418.2210806128569,1364.6306621721014,5.0,5.0
416.7619400845142,1368.3549417005852,5.0,5.0
415.23984735284466,1372.0539801968262,5.0,5.0
413.6665205725003,1375.7314798356965,5.0,5.0
412.0516470321454,1379.3910122988746,5.0,5.0
410.38799373502843,1383.0285673411563,5.0,5.0
408.6876465398818,1386.6491759316996,5.0,5.0
406.9101586204488,1390.2323310207576,5.0,5.0
405.0752452198649,1393.7866365127265,5.0,5.0
403.2084810145898,1397.3243084382266,5.0,5.0
401.27731482696254,1400.8270217673853,5.0,5.0
399.3011905273888,1404.304795213975,5.0,5.0
397.2729442800628,1407.7521639224142,5.0,5.0
395.1595163089223,1411.1481819963083,5.0,5.0
393.01892747334205,1414.5271673211828,5.0,5.0
390.81737970316317,1417.8667048560455,5.0,5.0
388.58237027702853,1421.1840396085754,5.0,5.0
386.2947196105961,1424.465128541924,5.0,5.0
383.92895745032,1427.6904408475384,5.0,5.0
381.52704447030555,1430.888933710754,5.0,5.0
379.0821276024217,1434.0547475302592,5.0,5.0
376.59923504514154,1437.1906867101789,5.0,5.0
374.0655167509103,1440.2857989836484,5.0,5.0
371.47813633154146,1443.336004799232,5.0,5.0
368.8385201857891,1446.3413994694129,5.0,5.0
366.15211641415954,1449.30495331157,5.0,5.0
363.41882167675067,1452.2253484884277,5.0,5.0
360.66572958312463,1455.1271206950769,5.0,5.0
357.8470041882247,1457.9647879116237,5.0,5.0
354.9800565354526,1460.754158783704,5.0,5.0
352.084026100114,1463.5131429927424,5.0,5.0
349.12487801886164,1466.204435433261,5.0,5.0
346.1466462294338,1468.8746536960825,5.0,5.0
343.1245491859736,1471.4949676310644,5.0,5.0
340.0652749645524,1474.0719146039337,5.0,5.0
336.990229959134,1476.6300028683618,5.0,5.0
333.8421308103716,1479.097418198362,5.0,5.0
330.669322631089,1481.5332499612123,5.0,5.0
327.45512522396166,1483.9138736613095,5.0,5.0
324.19686926237773,1486.2341220229864,5.0,5.0
320.92547417234164,1488.5358055774122,5.0,5.0
317.61459036543965,1490.7801436204463,5.0,5.0
314.2755248922622,1492.9825559882447,5.0,5.0
310.9022683223011,1495.1318668294698,5.0,5.0
307.47994579433,1497.202466913499,5.0,5.0
304.0443946297746,1499.2510856529698,5.0,5.0
300.5692684252281,1501.2311825621873,5.0,5.0
297.056556843454,1503.1445018006489,5.0,5.0
293.5299980388954,1505.0320861116052,5.0,5.0
289.95335149148013,1506.8229363849387,5.0,5.0
286.3643282444682,1508.5889597190544,5.0,5.0
282.74563645327,1510.2930247737095,5.0,5.0
279.0962103632046,1511.9305226653814,5.0,5.0
275.4390561041655,1513.5507449675351,5.0,5.0
271.7508320993511,1515.0985343167558,5.0,5.0
268.03973120241426,1516.5910886926576,5.0,5.0
264.30812866881024,1518.0310292458162,5.0,5.0
260.5442623522831,1519.3849181653932,5.0,5.0
256.77138743561227,1520.71350142546,5.0,5.0
252.9683382064104,1521.9520461466163,5.0,5.0
249.1453607454896,1523.128818238154,5.0,5.0
245.31109030835796,1524.2678823862225,5.0,5.0
241.43932806362864,1525.272233594209,5.0,5.0
237.55937506537884,1526.2448259927332,5.0,5.0
233.66643399442546,1527.1631799498573,5.0,5.0
229.7615756279556,1528.030384792015,5.0,5.0
225.8420246944297,1528.8273067101836,5.0,5.0
221.904884597403,1529.5334089361131,5.0,5.0
217.95700653502718,1530.1747508691624,5.0,5.0
213.99469518766273,1530.7219230132177,5.0,5.0
210.02624245919287,1531.2232978818938,5.0,5.0
206.04968203045428,1531.6530484883115,5.0,5.0
202.06705117365345,1532.025203090161,5.0,5.0
198.0784444140736,1532.3260368062183,5.0,5.0
194.08704733126797,1532.5882265986875,5.0,5.0
190.09079222672153,1532.759686080739,5.0,5.0
186.09332860040013,1532.9006950501353,5.0,5.0
182.09509434713982,1533.019237646833,5.0,5.0
178.09578549093567,1533.076201742515,5.0,5.0
174.09579066454899,1533.073724059388,5.0,5.0
170.09579591813963,1533.0675723170862,5.0,5.0
166.09580094506964,1533.0618007360026,5.0,5.0
162.0958565918263,1533.0536175882444,5.0,5.0
158.09621568536386,1533.00005944632,5.0,5.0
154.09657475166023,1532.9465034920722,5.0,5.0
150.09665366692934,1532.922579543665,5.0,5.0
146.0967105134623,1532.9013516725972,5.0,5.0
142.0967745387461,1532.8788739675656,5.0,5.0
138.09685263980646,1532.8539608437568,5.0,5.0
134.09692368994,1532.8303918326274,5.0,5.0
130.09696442564018,1532.8135364633054,5.0,5.0
126.09700831153896,1532.8262447081506,5.0,5.0
122.09708005946595,1532.819178151898,5.0,5.0
118.09772100055125,1532.7557068215683,5.0,5.0
114.09869101073127,1532.6676444495097,5.0,5.0
110.09966101858299,1532.5795822422951,5.0,5.0
106.1006310241064,1532.4915201943368,5.0,5.0
102.10160102287773,1532.4034583093598,5.0,5.0
98.10257102141622,1532.3153965855017,5.0,5.0
94.10354108794127,1532.2273317547515,5.0,5.0
90.104465568671,1532.1413660123944,5.0,5.0
86.10538558207918,1532.0556057570502,5.0,5.0
82.10630562598817,1531.9698442555964,5.0,5.0
78.10722567141056,1531.8840824933723,5.0,5.0
74.10814569634385,1531.7983213784173,5.0,5.0
70.10906570183579,1531.7125609200448,5.0,5.0
66.10998568998184,1531.6268011117354,5.0,5.0
62.11090565880295,1531.5410419525579,5.0,5.0
58.111825610278174,1531.4552834415808,5.0,5.0
54.11274554452393,1531.3695255815983,5.0,5.0
50.1136654347647,1531.2837696038187,5.0,5.0
46.114556173211895,1531.1993883997202,5.0,5.0
42.11543391935993,1531.1156206466258,5.0,5.0
38.11631167901214,1531.0318521056324,5.0,5.0
34.11718945542816,1530.9480827776715,5.0,5.0
30.11806724849157,1530.864312665537,5.0,5.0
26.11906284466386,1530.7751066247001,5.0,5.0
22.12007042323239,1530.68535498064,5.0,5.0
18.121148050413467,1530.5925356214866,5.0,5.0
14.122227376210503,1530.4996435828507,5.0,5.0
10.12341272586491,1530.4023083830252,5.0,5.0
6.124614144209772,1530.3043031841516,5.0,5.0
2.1258156108669937,1530.20629788097,5.0,5.0
-1.8729052628623322,1530.1051724525169,5.0,5.0
-5.871625930303708,1530.00403823331,5.0,5.0
-9.87034657492768,1529.9029021561146,5.0,5.0
-13.86906719324179,1529.80176421348,5.0,5.0
-17.86778777872678,1529.7006243998185,5.0,5.0
-21.8665083325468,1529.5994827141985,5.0,5.0
-25.865228846902028,1529.498339150101,5.0,5.0
-29.863487587077543,1529.380424044095,5.0,5.0
-33.861180870444514,1529.2451360905543,5.0,5.0
-37.85839455714449,1529.0959536684677,5.0,5.0
-41.85530367412139,1528.938957342878,5.0,5.0
-45.84922571713105,1528.7186598973349,5.0,5.0
-49.843049812247045,1528.4964776309207,5.0,5.0
-53.83464362099767,1528.2397399349138,5.0,5.0
-57.822364025749266,1527.927285373211,5.0,5.0
-61.80713599501178,1527.5785962669179,5.0,5.0
-65.78747600561474,1527.1844136770815,5.0,5.0
-69.76118869101629,1526.7269990677014,5.0,5.0
-73.72517156519461,1526.1920848488808,5.0,5.0
-77.67700575804338,1525.574636884965,5.0,5.0
-81.6234792972682,1524.922466901131,5.0,5.0
-85.55378392839339,1524.1820994121954,5.0,5.0
-89.46466677286662,1523.3437179503962,5.0,5.0
-93.35738030343782,1522.42415603064,5.0,5.0
-97.23142648837529,1521.42895158194,5.0,5.0
-101.09329511935357,1520.3869766686112,5.0,5.0
-104.9416449359851,1519.2960195261985,5.0,5.0
-108.77261005097535,1518.1459632283077,5.0,5.0
-112.58886821032502,1516.948082946241,5.0,5.0
-116.38808713643812,1515.697128568776,5.0,5.0
-120.16077178076375,1514.368141152896,5.0,5.0
-123.9001474599354,1512.9496927205473,5.0,5.0
-127.59249112114776,1511.4115952225402,5.0,5.0
-131.25887189235073,1509.812334768474,5.0,5.0
-134.90088716440368,1508.1585150882602,5.0,5.0
-138.52546997461468,1506.466656960547,5.0,5.0
-142.13046382158063,1504.7336339848116,5.0,5.0
-145.7160780359991,1502.9609447242692,5.0,5.0
-149.28189641959034,1501.148642458953,5.0,5.0
-152.81924203201197,1499.281242698431,5.0,5.0
-156.32489987183362,1497.3552057035267,5.0,5.0
-159.80467484006658,1495.3829367579892,5.0,5.0
-163.2569499873789,1493.3628962747753,5.0,5.0
-166.67937638843432,1491.2923923199996,5.0,5.0
-170.0629009436816,1489.1589862871915,5.0,5.0
-173.42399300006218,1486.9904792904854,5.0,5.0
-176.76318656012882,1484.7884781192988,5.0,5.0
-180.07103872078005,1482.5394861074165,5.0,5.0
-183.3379721752135,1480.231426156126,5.0,5.0
-186.5699132522568,1477.8748917616904,5.0,5.0
-189.76435511908494,1475.4678690982983,5.0,5.0
-192.92509299947415,1473.0164851397276,5.0,5.0
-196.0452340435004,1470.513543754816,5.0,5.0
-199.13722586957738,1467.9759698733687,5.0,5.0
-202.19860115170013,1465.4015327589586,5.0,5.0
-205.19208932993934,1462.7485817819834,5.0,5.0
-208.12233876646496,1460.0259534828365,5.0,5.0
-211.00751378654968,1457.2556043015793,5.0,5.0
-213.86460921505932,1454.45616243314,5.0,5.0
-216.71247454779223,1451.6473515657708,5.0,5.0
-219.49836995627265,1448.77706427034,5.0,5.0
-222.25856415810995,1445.8821335844696,5.0,5.0
-224.97226199670695,1442.943708893843,5.0,5.0
-227.63287068950012,1439.9570168936625,5.0,5.0
-230.25221135967877,1436.934034286067,5.0,5.0
-232.80763590848073,1433.8571289060637,5.0,5.0
-235.28684687567875,1430.7181640127674,5.0,5.0
-237.73153028287925,1427.552252988331,5.0,5.0
-240.1418468154734,1424.3600554931909,5.0,5.0
-242.51174854999408,1421.1378989396617,5.0,5.0
-244.81580652866978,1417.8683886574581,5.0,5.0
-247.0751793680247,1414.567660247907,5.0,5.0
-249.28310258011334,1411.2322337608784,5.0,5.0
-251.44660713267513,1407.8680490218103,5.0,5.0
-253.50932585517876,1404.4410288892686,5.0,5.0
-255.54789421707392,1400.9994843322784,5.0,5.0
-257.56668129435275,1397.5463640848175,5.0,5.0
-259.56692794756964,1394.0824054898694,5.0,5.0
-261.51956691849045,1390.5916493367404,5.0,5.0
-263.3289688020013,1387.0244878940284,5.0,5.0
-265.105128026451,1383.4404605636373,5.0,5.0
-266.85173409827985,1379.8420401876792,5.0,5.0
-268.5783007143764,1376.2338607525453,5.0,5.0
-270.25072204112075,1372.6004307800904,5.0,5.0
-271.7867946794722,1368.9072445053607,5.0,5.0
-273.28767720621545,1365.1995029486716,5.0,5.0
-274.73551616829354,1361.4708584677428,5.0,5.0
-276.1624024771154,1357.7340315282345,5.0,5.0
-277.5283704622416,1353.9745147330686,5.0,5.0
-278.82846695254557,1350.1917639486492,5.0,5.0
-280.0411535229068,1346.3800270594656,5.0,5.0
-281.19325031968765,1342.5495456121862,5.0,5.0
-282.2819284280995,1338.7006254633889,5.0,5.0
-283.30687740282156,1334.8342278609052,5.0,5.0
-284.26787402958144,1330.95158004947,5.0,5.0
-285.17562326509506,1327.0559618882835,5.0,5.0
-286.01542262511794,1323.1453363150358,5.0,5.0
-286.78852124419063,1319.2208459917456,5.0,5.0
-287.46014621912036,1315.2779402658343,5.0,5.0
-288.0782256333623,1311.3260026136413,5.0,5.0
-288.60857944982126,1307.3615260412917,5.0,5.0
-289.0653414556291,1303.387845594436,5.0,5.0
-289.4482821575366,1299.406606407836,5.0,5.0
-289.75909625086933,1295.418703022413,5.0,5.0
-290.0568126323633,1291.429814742878,5.0,5.0
-290.2963248905726,1287.4369991496205,5.0,5.0
-290.52855528646614,1283.443746781908,5.0,5.0
-290.6790689834161,1279.4466551663354,5.0,5.0
-290.80066197086126,1275.4485667804256,5.0,5.0
-290.86251310026273,1271.4490641821176,5.0,5.0
-290.9047050846275,1267.4493446797132,5.0,5.0
-290.8930582207395,1263.4493724759668,5.0,5.0
-290.87393641576637,1259.449419328943,5.0,5.0
-290.8562123676529,1255.449461008422,5.0,5.0
-290.8429304299643,1251.4494839506224,5.0,5.0
-290.8243856227491,1247.449527562596,5.0,5.0
-290.80717673536856,1243.449565644376,5.0,5.0
-290.7933416473679,1239.4495900953189,5.0,5.0
-290.77946124516893,1235.4496147083119,5.0,5.0
-290.76844200945925,1231.4496332136914,5.0,5.0
-290.7617718531983,1227.4496393138543,5.0,5.0
-290.80223294440657,1223.451034949161,5.0,5.0
-290.6847656699829,1219.453361356631,5.0,5.0
-290.60522317537107,1215.4541528336704,5.0,5.0
-290.52568069053814,1211.4549443097785,5.0,5.0
-290.44613821431994,1207.455735789612,5.0,5.0
-290.36659574660007,1203.4565272647887,5.0,5.0
-290.28705328761134,1199.4573187408969,5.0,5.0
-290.20751083723735,1195.458110217005,5.0,5.0
-290.1279683955945,1191.4589016949758,5.0,5.0
-290.0484260310186,1187.4596931701526,5.0,5.0
-289.96888404444326,1183.4604846378788,5.0,5.0
-289.8893420511158,1179.4612761074677,5.0,5.0
-289.80980004905723,1175.4620675761253,5.0,5.0
-289.7302580381511,1171.4628590419888,5.0,5.0
-289.65071601839736,1167.463650509715,5.0,5.0
-289.57117399096023,1163.4644419774413,5.0,5.0
-289.4916319537442,1159.4652334460989,5.0,5.0
-289.4117483892478,1155.4660317515954,5.0,5.0
-289.33138248778414,1151.4668396990746,5.0,5.0
-289.25101552251726,1147.4676476605237,5.0,5.0
-289.1706495877588,1143.46845562011,5.0,5.0
-289.09028500376735,1139.4692635834217,5.0,5.0
-289.00992177205626,1135.4700715839863,5.0,5.0
-288.9295598937897,1131.4708796385676,5.0,5.0
-288.848353511421,1127.4717046907172,5.0,5.0
-288.76667652942706,1123.4725392013788,5.0,5.0
-288.6846290837275,1119.4733813023195,5.0,5.0
-288.6023122667102,1115.4742289250717,5.0,5.0
-288.51999550440814,1111.4750765450299,5.0,5.0
-288.4376781086903,1107.4759241798893,5.0,5.0
-288.3553579294821,1103.476771870628,5.0,5.0
-288.2730377060361,1099.477619565092,5.0,5.0
-288.19071753835306,1095.4784672558308,5.0,5.0
-288.10839742654935,1091.4793149456382,5.0,5.0
-288.0260773715563,1087.480162630789,5.0,5.0
-287.9437582906103,1083.4810103010386,5.0,5.0
-287.8614414348267,1079.4818579247221,5.0,5.0
-287.77912452153396,1075.4827055474743,5.0,5.0
-287.69777617952786,1071.4835335370153,5.0,5.0
-287.6179838591488,1067.4843299901113,5.0,5.0
-287.5381914904574,1063.4851264478639,5.0,5.0
-287.45840139547363,1059.4859228571877,5.0,5.0
-287.3786122847814,1055.4867192525417,5.0,5.0
-287.29882322158664,1051.4875156413764,5.0,5.0
-287.21903420693707,1047.4883120292798,5.0,5.0
-287.13924519426655,1043.4891084218398,5.0,5.0
-287.0594551367685,1039.489904832095,5.0,5.0
-286.9796626982279,1035.4907012898475,5.0,5.0
-286.89987031172495,1031.4914977457374,5.0,5.0
-286.8200779792387,1027.49229420349,5.0,5.0
-286.7402856986737,1023.4930906603113,5.0,5.0
-286.66049347107764,1019.4938871115446,5.0,5.0
-286.58070392895024,1015.4946835115552,5.0,5.0
-286.498599711922,1011.4955267785117,5.0,5.0
-286.4164619628573,1007.496370731853,5.0,5.0
-286.33351170038804,1003.497231470421,5.0,5.0
-286.2503388138721,999.4980968059972,5.0,5.0
-286.1524600336561,995.499311953783,5.0,5.0
-286.0454349045176,991.5007445896044,5.0,5.0
-285.9479256318882,987.5019456222653,5.0,5.0
-285.8613206198206,983.5028838086873,5.0,5.0
-285.77471515268553,979.5038220062852,5.0,5.0
-285.68810962699354,975.504760206677,5.0,5.0
-285.60150404367596,971.5056984070688,5.0,5.0
-285.5148984005209,967.5066366046667,5.0,5.0
-285.42829269892536,963.5075748078525,5.0,5.0
-285.3416879851138,959.5085129877552,5.0,5.0
-285.2550840219483,955.5094511527568,5.0,5.0
-285.16848011442926,951.5103893158957,5.0,5.0
-285.0818762682611,947.5113274790347,5.0,5.0
-284.9952724808827,943.512265637517,5.0,5.0
-284.90866875252686,939.5132037997246,5.0,5.0
-284.8220640856307,935.5141419768333,5.0,5.0
-284.73545827751514,931.5150801828131,5.0,5.0
-284.64885241072625,927.5160183878615,5.0,5.0
-284.5622464842163,923.5169565947726,5.0,5.0
-284.47564049903303,919.5178948063403,5.0,5.0
-284.38903445203323,915.5188330132514,5.0,5.0
-284.3024292339105,911.5197712080553,5.0,5.0
-284.2158256137045,907.5207093637437,5.0,5.0
-284.1292220513569,903.521647519432,5.0,5.0
-284.0419601126341,899.522599988617,5.0,5.0
-283.9546712023439,895.5235530463979,5.0,5.0
-283.8673823012505,891.5245060995221,5.0,5.0
-283.7800930480007,887.5254591656849,5.0,5.0
-283.6928032048745,883.5264122411609,5.0,5.0
-283.60551335359924,879.5273653184995,5.0,5.0
-283.5182234952226,875.5283183939755,5.0,5.0
-283.4309336298611,871.5292714722455,5.0,5.0
-283.34364375518635,867.5302245495841,5.0,5.0
-283.25635432754643,863.5311776138842,5.0,5.0
-283.1690654406557,859.5321306698024,5.0,5.0
-283.0817765620304,855.533083723858,5.0,5.0
-282.9944876903901,851.5340367788449,5.0,5.0
-282.9071988268988,847.5349898366258,5.0,5.0
-282.81990997167304,843.53594288975,5.0,5.0
-282.7326205702266,839.5368959559128,5.0,5.0
-282.64533068146557,835.537849035114,5.0,5.0
-282.5580407844391,831.53880211059,5.0,5.0
-282.4707508793799,827.5397551897913,5.0,5.0
-282.38346096721943,823.5407082699239,5.0,5.0
-282.29617104679346,819.5416613472626,5.0,5.0
-282.2088817815529,815.5426144115627,5.0,5.0
-282.12159294157755,811.5435674656183,5.0,5.0
-282.03587516001426,807.5444872304797,5.0,5.0
-281.95373823773116,803.5453311568126,5.0,5.0
-281.87160149461124,799.5461750784889,5.0,5.0
-281.78670743410476,795.5470768650994,5.0,5.0
-281.7009581932798,791.5479966122657,5.0,5.0
-281.6152086247457,787.5489163640887,5.0,5.0
-281.5294590485282,783.5498361205682,5.0,5.0
-281.44370953110047,779.5507558723912,5.0,5.0
-281.3579600692028,775.5516756242141,5.0,5.0
-281.2722112585325,771.5525953602046,5.0,5.0
-281.1864651902579,767.553515041247,5.0,5.0
-281.1007190630771,763.5544347204268,5.0,5.0
-281.01497287815437,759.5553544005379,5.0,5.0
-280.929226635606,755.5562740825117,5.0,5.0
-280.84348033415154,751.5571937672794,5.0,5.0
-280.75773268111516,747.5581134781241,5.0,5.0
-280.67198334867135,743.5590332290158,5.0,5.0
-280.58623407396954,739.5599529752508,5.0,5.0
-280.5004848568933,735.5608727242798,5.0,5.0
-280.4147356975591,731.5617924677208,5.0,5.0
-280.32898659806233,727.5627122111619,5.0,5.0
-280.2432393534109,723.563631914556,5.0,5.0
-280.15749292552937,719.5645516002551,5.0,5.0
-280.07174643990584,715.5654712887481,5.0,5.0
-279.98599989537615,711.5663909763098,5.0,5.0
-279.90025329310447,707.5673106657341,5.0,5.0
-279.81450663215946,703.5682303551584,5.0,5.0
-279.72875776013825,699.5691500939429,5.0,5.0
-279.6430087859044,695.5700698364526,5.0,5.0
-279.5554497735575,691.5710289571434,5.0,5.0
-279.4671294318978,687.572004660964,5.0,5.0
-279.3788091170136,683.5729803638533,5.0,5.0
-279.2904888788471,679.5739560620859,5.0,5.0
-279.2021700037876,675.5749317333102,5.0,5.0
-279.1138511085883,671.5759074026719,5.0,5.0
-279.0255321888253,667.5768830738962,5.0,5.0
-278.9372132457793,663.5778587479144,5.0,5.0
-278.84986116806976,659.578813248314,5.0,5.0
-278.7631046663737,655.5797547195107,5.0,5.0
-278.6763484424446,651.5806961860508,5.0,5.0
-278.58959222061094,647.5816376460716,5.0,5.0
-278.50283600226976,643.5825791116804,5.0,5.0
-278.41607978590764,639.5835205754265,5.0,5.0
-278.3302476765821,635.5844423174858,5.0,5.0
-278.24637542827986,631.5853222757578,5.0,5.0
-278.1624977972824,627.5862023513764,5.0,5.0
-278.0786189485807,623.5870824567974,5.0,5.0
-277.9947388819419,619.5879625948146,5.0,5.0
-277.91085759422276,615.5888427672908,5.0,5.0
-277.82697659160476,611.5897229379043,5.0,5.0
-277.7430971614085,607.5906030675396,5.0,5.0
-277.65922177385073,603.591483107768,5.0,5.0
-277.575354726403,599.5923629635945,5.0,5.0
-277.49148646881804,595.5932428389788,5.0,5.0
-277.40761699865106,591.5941227357835,5.0,5.0
-277.32374631718267,587.5950026549399,5.0,5.0
-277.2398744210368,583.5958825936541,5.0,5.0
-277.156749716145,579.5967470398173,5.0,5.0
-277.0748461972689,575.5975861744955,5.0,5.0
-276.9929403559072,571.5984253594652,5.0,5.0
-276.91103521338664,567.5992645258084,5.0,5.0
-276.8291307653999,563.6001036809757,5.0,5.0
-276.7472270184662,559.600942818448,5.0,5.0
-276.66532396594994,555.6017819428816,5.0,5.0
-276.5834216113435,551.6026210542768,5.0,5.0
-276.50151901564095,547.6034601693973,5.0,5.0
-276.4196151626529,543.6042993115261,5.0,5.0
-276.3377106189728,539.6051384685561,5.0,5.0
-276.2558053821558,535.6059776404873,5.0,5.0
-276.17369050567504,531.6068211626261,5.0,5.0
-276.08913289313205,527.607715533115,5.0,5.0
-276.0045752283186,523.6086099054664,5.0,5.0
-275.92001723265275,519.6095042861998,5.0,5.0
-275.8354592381511,515.6103986650705,5.0,5.0
-275.7509012480732,511.6112930420786,5.0,5.0
-275.66634326044004,507.6121874237433,5.0,5.0
-275.5817852773471,503.61308180354536,5.0,5.0
-275.4972275153268,499.61397617682815,5.0,5.0
-275.41266989626456,495.6148705482483,5.0,5.0
-275.3281122739427,491.61576492059976,5.0,5.0
-275.24355464754626,487.6166592910886,5.0,5.0
-275.15899701800663,483.61755366437137,5.0,5.0
-275.0744393558707,479.61844803672284,5.0,5.0
-274.9898813769687,475.61934241466224,5.0,5.0
-274.90532339923084,471.6202367944643,5.0,5.0
-274.82076542498544,467.6211311724037,5.0,5.0
-274.7362074542325,463.6220255512744,5.0,5.0
-274.6516494867392,459.62291993014514,5.0,5.0
-274.5670917078387,455.6238143052906,5.0,5.0
-274.4825340718962,451.62470867764205,5.0,5.0
-274.3979764326941,447.6256030499935,5.0,5.0
-274.3134187903488,443.6264974232763,5.0,5.0
-274.2288611449767,439.6273917937651,5.0,5.0
-274.14430348342285,435.6282861670479,5.0,5.0
-274.0597455202369,431.62918054684997,5.0,5.0
-273.9751875594957,427.630074929446,5.0,5.0
-273.8906296020141,423.6309693073854,5.0,5.0
-273.80607164802495,419.63186368439347,5.0,5.0
-273.7215136963641,415.6327580632642,5.0,5.0
-273.6369559027953,411.6336524402723,5.0,5.0
-273.5523982497398,407.63454681262374,5.0,5.0
-273.4678405948216,403.63544118218124,5.0,5.0
-273.38328293559607,399.6363355573267,5.0,5.0
-273.2987252721796,395.6372299315408,5.0,5.0
-273.2141676089959,391.6381243048236,5.0,5.0
-273.1280477439286,387.63905204553157,5.0,5.0
-273.0417558058398,383.63998346589506,5.0,5.0
-272.95546446950175,379.6409148769453,5.0,5.0
-272.86917373701,375.6418462730944,5.0,5.0
-272.7828836106928,371.64277765806764,5.0,5.0
-272.69659408601,367.64370903465897,5.0,5.0
-272.61030224419665,363.6446404606104,5.0,5.0
-272.52400567161385,359.64557199086994,5.0,5.0
-272.4377084940206,355.6465035350993,5.0,5.0
-272.35141070804093,351.6474350942299,5.0,5.0
-272.2651123137912,347.64836667105556,5.0,5.0
-272.1788133090595,343.64929826091975,5.0,5.0
-272.09251404565293,339.65022985916585,5.0,5.0
-272.00536302116234,335.6511811725795,5.0,5.0
-271.90551047388,331.6524282153696,5.0,5.0
-271.80563558789436,327.6536758141592,5.0,5.0
-271.7057605510345,323.65492341667414,5.0,5.0
-271.6058853644645,319.6561710210517,5.0,5.0
-271.50601002795156,315.65741863287985,5.0,5.0
-271.4061345439404,311.65866624657065,5.0,5.0
-271.3062595417723,307.6599138500169,5.0,5.0
-271.2063870407874,303.6611613892019,5.0,5.0
-271.1065165322507,299.66240887809545,5.0,5.0
-270.9925084570423,295.6640480598435,5.0,5.0
-270.87064722005744,291.6659054234624,5.0,5.0
-270.74878577748314,287.667762754485,5.0,5.0
-270.61928296787664,283.6699120244011,5.0,5.0
-270.44094961031806,279.6738898847252,5.0,5.0
-270.26139553193934,275.67792339250445,5.0,5.0
-270.07570703863166,271.68223652709275,5.0,5.0
-269.8938938769279,267.6863740896806,5.0,5.0
-269.7202854944626,263.690144286491,5.0,5.0
-269.52835688064806,259.6947551155463,5.0,5.0
-269.3427424640395,255.69907472655177,5.0,5.0
-269.16855238960125,251.7028699265793,5.0,5.0
-268.994351544301,247.70666607748717,5.0,5.0
-268.804617972346,243.71118266880512,5.0,5.0
-268.59241118386853,239.71682998444885,5.0,5.0
-268.345831841114,235.72443874925375,5.0,5.0
-268.02747691376135,231.73802345525473,5.0,5.0
-267.57987771893386,227.763154710643,5.0,5.0
-267.1176607173402,223.7899610819295,5.0,5.0
-266.62350082350895,219.8207461843267,5.0,5.0
-266.04590927029494,215.86274289898574,5.0,5.0
-265.42440924956463,211.91135082952678,5.0,5.0
-264.7685953633627,207.96560170780867,5.0,5.0
-264.03933539649006,204.03264195285738,5.0,5.0
-263.22959380748216,200.11564543377608,5.0,5.0
-262.3697804585099,196.20915255509317,5.0,5.0
-261.4642557631014,192.3130820170045,5.0,5.0
-260.44158401770983,188.44658315274864,5.0,5.0
-259.2878395122243,184.61668939422816,5.0,5.0
-258.0771872611949,180.80434430297464,5.0,5.0
-256.7828797670081,177.01968884002417,5.0,5.0
-255.438770909328,173.2522980608046,5.0,5.0
-254.06715238571633,169.49489933717996,5.0,5.0
-252.6401742780581,165.75820045545697,5.0,5.0
-251.12970120448153,162.05451025348157,5.0,5.0
-249.53293801832478,158.38712602015585,5.0,5.0
-247.90095254871994,154.73521061614156,5.0,5.0
-246.22382654692046,151.1037955302745,5.0,5.0
-244.52133389259689,147.4842248801142,5.0,5.0
-242.73242532473523,143.90668776538223,5.0,5.0
-240.90141529834364,140.35044763516635,5.0,5.0
-239.03352194477338,136.81347446981817,5.0,5.0
-237.10808815830387,133.3074178630486,5.0,5.0
-235.14847358642146,129.8203121079132,5.0,5.0
-233.13220177637413,126.365746865049,5.0,5.0
-231.0802190847462,122.93224391248077,5.0,5.0
-228.93545038660523,119.5560241304338,5.0,5.0
-226.75341160292737,116.20364309381694,5.0,5.0
-224.4796456968179,112.91304330527782,5.0,5.0
-222.16709190479014,109.64930160995573,5.0,5.0
-219.8179027644219,106.41191291250288,5.0,5.0
-217.44347110542003,103.19290718063712,5.0,5.0
-215.0250495375367,100.00693918205798,5.0,5.0
-212.5563820953248,96.85961764398962,5.0,5.0
-210.019853767124,93.76688513718545,5.0,5.0
-207.44115097471513,90.70906310994178,5.0,5.0
-204.82471828302369,87.68367435317487,5.0,5.0
-202.16216848115437,84.69857506453991,5.0,5.0
-199.4661968459841,81.7436777325347,5.0,5.0
-196.72839177795686,78.8275066781789,5.0,5.0
-193.93337885930669,75.96617860905826,5.0,5.0
-191.08931449078955,73.15362344682217,5.0,5.0
-188.21188866184093,70.37508433964103,5.0,5.0
-185.27943658200093,67.65480179991573,5.0,5.0
-182.30285444110632,64.98303432948887,5.0,5.0
-179.2725791282719,62.372038840316236,5.0,5.0
-176.22084333805833,59.786263946443796,5.0,5.0
-173.11836825951468,57.26152634155005,5.0,5.0
-169.99509410501923,54.762596181593835,5.0,5.0
-166.82735482486896,52.320381288416684,5.0,5.0
-163.63373953604605,49.911905526183546,5.0,5.0
-160.3979449274484,47.56090013310313,5.0,5.0
-157.11303680296987,45.27850178536028,5.0,5.0
-153.80404691002332,43.031209914945066,5.0,5.0
-150.47787759860512,40.80937798228115,5.0,5.0
-147.11738129798323,38.64000457432121,5.0,5.0
-143.7311692793155,36.51086246967316,5.0,5.0
-140.28914910228923,34.473498473875225,5.0,5.0
-136.8228844149271,32.47729460708797,5.0,5.0
-133.32972960663028,30.528853700496256,5.0,5.0
-129.80592916847672,28.636096694506705,5.0,5.0
-126.23695567669347,26.83035534992814,5.0,5.0
-122.64439445256721,25.07153709512204,5.0,5.0
-119.03042228368577,23.35727896913886,5.0,5.0
-115.39441104745492,21.690149342641234,5.0,5.0
-111.74302235466894,20.057243783958256,5.0,5.0
-108.0576609276468,18.50225357618183,5.0,5.0
-104.35572785651311,16.987390397116542,5.0,5.0
-100.62830250803381,15.536105504259467,5.0,5.0
-96.87291614967398,14.159651879221201,5.0,5.0
-93.10255289508495,12.823892402462661,5.0,5.0
-89.31249810755253,11.545446425676346,5.0,5.0
-85.50696670461912,10.313473677262664,5.0,5.0
-81.67666134960018,9.161165626719594,5.0,5.0
-77.8320240493631,8.057584697380662,5.0,5.0
-73.96508168021683,7.034609496593475,5.0,5.0
-70.07868680602405,6.088813433423638,5.0,5.0
-66.17234424105845,5.228970954194665,5.0,5.0
-62.24982196756173,4.445944372564554,5.0,5.0
-58.31410008459352,3.7321331230923533,5.0,5.0
-54.36920745053794,3.07137945946306,5.0,5.0
-50.408134903758764,2.515192050486803,5.0,5.0
-46.4387501742458,2.022048491984606,5.0,5.0
-42.46259307907894,1.5860418239608407,5.0,5.0
-38.48272362712305,1.1855888701975346,5.0,5.0
-34.497897320543416,0.8378786239773035,5.0,5.0
-30.50847958982922,0.5474427901208401,5.0,5.0
-26.515136746573262,0.31725211534649134,5.0,5.0
-22.51958072045818,0.12876416742801666,5.0,5.0
-18.52106414444279,0.023024280555546284,5.0,5.0
-14.521559894317761,-0.035430929623544216,5.0,5.0
-10.521571406745352,-0.044802806340157986,5.0,5.0
-6.521606940659694,-0.03251407388597727,5.0,5.0
-2.5216519446112216,-0.013653651811182499,5.0,5.0
